{"cameraMode":{"drawMode":0,"name":"Shaded","section":"Shading Mode"},"sceneLighting":false,"audioPlay":false,"sceneViewState":{"m_AlwaysRefresh":false,"showFog":true,"showSkybox":true,"showFlares":true,"showImageEffects":true,"showParticleSystems":true,"showVisualEffectGraphs":true,"m_FxEnabled":true},"in2DMode":false,"pivot":{"x":-11.063484191894532,"y":3.7309741973876955,"z":-3.811373710632324},"rotation":{"x":0.14001992344856263,"y":-0.10759122669696808,"z":0.015265443362295628,"w":0.984251081943512},"size":6.237364768981934,"orthographic":false}